[{"model": "admin.logentry", "pk": 1, "fields": {"action_time": "2022-01-19T13:22:41.674Z", "user": 1, "content_type": 13, "object_id": "1", "object_repr": "Facebook API", "action_flag": 1, "change_message": "[{\"added\": {}}]"}}, {"model": "admin.logentry", "pk": 2, "fields": {"action_time": "2022-01-19T13:37:02.503Z", "user": 1, "content_type": 13, "object_id": "2", "object_repr": "Google API", "action_flag": 1, "change_message": "[{\"added\": {}}]"}}, {"model": "admin.logentry", "pk": 3, "fields": {"action_time": "2022-01-20T18:00:18.068Z", "user": 1, "content_type": 19, "object_id": "1", "object_repr": "Sarkodie", "action_flag": 1, "change_message": "[{\"added\": {}}]"}}, {"model": "admin.logentry", "pk": 4, "fields": {"action_time": "2022-01-20T18:02:05.712Z", "user": 1, "content_type": 15, "object_id": "1", "object_repr": "No Pressure", "action_flag": 1, "change_message": "[{\"added\": {}}]"}}, {"model": "admin.logentry", "pk": 5, "fields": {"action_time": "2022-01-26T12:24:14.248Z", "user": 1, "content_type": 19, "object_id": "2", "object_repr": "Adele", "action_flag": 1, "change_message": "[{\"added\": {}}]"}}, {"model": "admin.logentry", "pk": 6, "fields": {"action_time": "2022-01-26T12:24:42.489Z", "user": 1, "content_type": 19, "object_id": "3", "object_repr": "Doja Cat", "action_flag": 1, "change_message": "[{\"added\": {}}]"}}, {"model": "admin.logentry", "pk": 7, "fields": {"action_time": "2022-01-26T12:25:11.353Z", "user": 1, "content_type": 19, "object_id": "4", "object_repr": "Kwesi Arthur", "action_flag": 1, "change_message": "[{\"added\": {}}]"}}, {"model": "admin.logentry", "pk": 8, "fields": {"action_time": "2022-01-26T12:25:35.664Z", "user": 1, "content_type": 19, "object_id": "5", "object_repr": "Kanye West", "action_flag": 1, "change_message": "[{\"added\": {}}]"}}, {"model": "admin.logentry", "pk": 9, "fields": {"action_time": "2022-01-26T12:26:41.173Z", "user": 1, "content_type": 16, "object_id": "1", "object_repr": "Afro", "action_flag": 1, "change_message": "[{\"added\": {}}]"}}, {"model": "admin.logentry", "pk": 10, "fields": {"action_time": "2022-01-26T12:27:15.269Z", "user": 1, "content_type": 17, "object_id": "1", "object_repr": "Anything", "action_flag": 1, "change_message": "[{\"added\": {}}]"}}, {"model": "admin.logentry", "pk": 11, "fields": {"action_time": "2022-01-26T12:28:10.944Z", "user": 1, "content_type": 16, "object_id": "2", "object_repr": "R&B", "action_flag": 1, "change_message": "[{\"added\": {}}]"}}, {"model": "admin.logentry", "pk": 12, "fields": {"action_time": "2022-01-26T12:28:35.013Z", "user": 1, "content_type": 17, "object_id": "2", "object_repr": "Someone Like You", "action_flag": 1, "change_message": "[{\"added\": {}}]"}}, {"model": "admin.logentry", "pk": 13, "fields": {"action_time": "2022-01-26T12:29:49.128Z", "user": 1, "content_type": 17, "object_id": "3", "object_repr": "Baajo", "action_flag": 1, "change_message": "[{\"added\": {}}]"}}, {"model": "admin.logentry", "pk": 14, "fields": {"action_time": "2022-01-26T12:30:38.889Z", "user": 1, "content_type": 16, "object_id": "3", "object_repr": "Pop", "action_flag": 1, "change_message": "[{\"added\": {}}]"}}, {"model": "admin.logentry", "pk": 15, "fields": {"action_time": "2022-01-26T12:31:09.686Z", "user": 1, "content_type": 17, "object_id": "4", "object_repr": "Doja Cat", "action_flag": 1, "change_message": "[{\"added\": {}}]"}}, {"model": "admin.logentry", "pk": 16, "fields": {"action_time": "2022-01-26T12:38:36.041Z", "user": 1, "content_type": 19, "object_id": "6", "object_repr": "Stonebwoy", "action_flag": 1, "change_message": "[{\"added\": {}}]"}}, {"model": "admin.logentry", "pk": 17, "fields": {"action_time": "2022-01-26T12:39:04.991Z", "user": 1, "content_type": 17, "object_id": "5", "object_repr": "Activate", "action_flag": 1, "change_message": "[{\"added\": {}}]"}}, {"model": "admin.logentry", "pk": 18, "fields": {"action_time": "2022-01-29T22:29:43.371Z", "user": 1, "content_type": 8, "object_id": "6", "object_repr": "ec6e050bfc91f8c772ab2f4a1c43505f868dd502", "action_flag": 3, "change_message": ""}}, {"model": "admin.logentry", "pk": 19, "fields": {"action_time": "2022-01-29T22:29:49.002Z", "user": 1, "content_type": 8, "object_id": "5", "object_repr": "f1477d83d03879b39b2970994caa4355352047dd", "action_flag": 3, "change_message": ""}}, {"model": "admin.logentry", "pk": 20, "fields": {"action_time": "2022-01-29T22:29:54.670Z", "user": 1, "content_type": 8, "object_id": "4", "object_repr": "b6a9d066cc09aec25a8ca87627ce52dedd11343f", "action_flag": 3, "change_message": ""}}, {"model": "admin.logentry", "pk": 21, "fields": {"action_time": "2022-01-29T22:30:04.433Z", "user": 1, "content_type": 4, "object_id": "4", "object_repr": "jon", "action_flag": 3, "change_message": ""}}, {"model": "admin.logentry", "pk": 22, "fields": {"action_time": "2022-01-29T22:30:09.782Z", "user": 1, "content_type": 4, "object_id": "5", "object_repr": "jony", "action_flag": 3, "change_message": ""}}, {"model": "admin.logentry", "pk": 23, "fields": {"action_time": "2022-01-29T22:30:16.325Z", "user": 1, "content_type": 4, "object_id": "6", "object_repr": "jony1", "action_flag": 3, "change_message": ""}}, {"model": "admin.logentry", "pk": 24, "fields": {"action_time": "2022-01-31T15:02:29.815Z", "user": 1, "content_type": 19, "object_id": "6", "object_repr": "Stonebwoy", "action_flag": 2, "change_message": "[{\"changed\": {\"fields\": [\"Image\"]}}]"}}, {"model": "admin.logentry", "pk": 25, "fields": {"action_time": "2022-01-31T15:04:02.110Z", "user": 1, "content_type": 19, "object_id": "5", "object_repr": "Kanye West", "action_flag": 2, "change_message": "[{\"changed\": {\"fields\": [\"Image\"]}}]"}}, {"model": "admin.logentry", "pk": 26, "fields": {"action_time": "2022-01-31T15:04:13.179Z", "user": 1, "content_type": 19, "object_id": "4", "object_repr": "Kwesi Arthur", "action_flag": 2, "change_message": "[{\"changed\": {\"fields\": [\"Image\"]}}]"}}, {"model": "admin.logentry", "pk": 27, "fields": {"action_time": "2022-01-31T15:04:32.478Z", "user": 1, "content_type": 19, "object_id": "3", "object_repr": "Doja Cat", "action_flag": 2, "change_message": "[{\"changed\": {\"fields\": [\"Image\"]}}]"}}, {"model": "admin.logentry", "pk": 28, "fields": {"action_time": "2022-01-31T15:04:58.609Z", "user": 1, "content_type": 19, "object_id": "2", "object_repr": "Adele", "action_flag": 2, "change_message": "[{\"changed\": {\"fields\": [\"Image\"]}}]"}}, {"model": "admin.logentry", "pk": 29, "fields": {"action_time": "2022-01-31T15:05:08.344Z", "user": 1, "content_type": 19, "object_id": "1", "object_repr": "Sarkodie", "action_flag": 2, "change_message": "[{\"changed\": {\"fields\": [\"Image\"]}}]"}}, {"model": "admin.logentry", "pk": 30, "fields": {"action_time": "2022-01-31T15:06:19.449Z", "user": 1, "content_type": 17, "object_id": "5", "object_repr": "Activate", "action_flag": 2, "change_message": "[{\"changed\": {\"fields\": [\"Music file\"]}}]"}}, {"model": "admin.logentry", "pk": 31, "fields": {"action_time": "2022-01-31T15:06:39.278Z", "user": 1, "content_type": 17, "object_id": "4", "object_repr": "Doja Cat", "action_flag": 2, "change_message": "[{\"changed\": {\"fields\": [\"Music file\"]}}]"}}, {"model": "admin.logentry", "pk": 32, "fields": {"action_time": "2022-01-31T15:06:57.361Z", "user": 1, "content_type": 17, "object_id": "3", "object_repr": "Baajo", "action_flag": 2, "change_message": "[{\"changed\": {\"fields\": [\"Music file\"]}}]"}}, {"model": "admin.logentry", "pk": 33, "fields": {"action_time": "2022-01-31T15:07:09.098Z", "user": 1, "content_type": 17, "object_id": "2", "object_repr": "Someone Like You", "action_flag": 2, "change_message": "[{\"changed\": {\"fields\": [\"Music file\"]}}]"}}, {"model": "admin.logentry", "pk": 34, "fields": {"action_time": "2022-01-31T15:07:19.396Z", "user": 1, "content_type": 17, "object_id": "1", "object_repr": "Anything", "action_flag": 2, "change_message": "[{\"changed\": {\"fields\": [\"Music file\"]}}]"}}, {"model": "admin.logentry", "pk": 35, "fields": {"action_time": "2022-01-31T15:07:58.217Z", "user": 1, "content_type": 17, "object_id": "5", "object_repr": "Activate", "action_flag": 2, "change_message": "[{\"changed\": {\"fields\": [\"Image\"]}}]"}}, {"model": "admin.logentry", "pk": 36, "fields": {"action_time": "2022-01-31T15:08:15.132Z", "user": 1, "content_type": 17, "object_id": "4", "object_repr": "Doja Cat", "action_flag": 2, "change_message": "[{\"changed\": {\"fields\": [\"Image\"]}}]"}}, {"model": "admin.logentry", "pk": 37, "fields": {"action_time": "2022-01-31T15:08:28.848Z", "user": 1, "content_type": 17, "object_id": "3", "object_repr": "Baajo", "action_flag": 2, "change_message": "[{\"changed\": {\"fields\": [\"Image\"]}}]"}}, {"model": "admin.logentry", "pk": 38, "fields": {"action_time": "2022-01-31T15:08:47.020Z", "user": 1, "content_type": 17, "object_id": "2", "object_repr": "Someone Like You", "action_flag": 2, "change_message": "[{\"changed\": {\"fields\": [\"Image\"]}}]"}}, {"model": "admin.logentry", "pk": 39, "fields": {"action_time": "2022-01-31T15:09:22.693Z", "user": 1, "content_type": 17, "object_id": "1", "object_repr": "Anything", "action_flag": 2, "change_message": "[{\"changed\": {\"fields\": [\"Image\"]}}]"}}, {"model": "admin.logentry", "pk": 40, "fields": {"action_time": "2022-01-31T15:10:47.157Z", "user": 1, "content_type": 15, "object_id": "1", "object_repr": "No Pressure", "action_flag": 2, "change_message": "[]"}}, {"model": "admin.logentry", "pk": 41, "fields": {"action_time": "2022-01-31T15:21:17.990Z", "user": 1, "content_type": 19, "object_id": "7", "object_repr": "Ariana Grande", "action_flag": 1, "change_message": "[{\"added\": {}}]"}}, {"model": "admin.logentry", "pk": 42, "fields": {"action_time": "2022-01-31T15:21:27.931Z", "user": 1, "content_type": 17, "object_id": "6", "object_repr": "Raindrops (an angel cried)", "action_flag": 1, "change_message": "[{\"added\": {}}]"}}, {"model": "admin.logentry", "pk": 43, "fields": {"action_time": "2022-01-31T15:27:06.298Z", "user": 1, "content_type": 17, "object_id": "7", "object_repr": "Blazed", "action_flag": 1, "change_message": "[{\"added\": {}}]"}}, {"model": "admin.logentry", "pk": 44, "fields": {"action_time": "2022-01-31T15:28:06.095Z", "user": 1, "content_type": 17, "object_id": "8", "object_repr": "The Light is Coming", "action_flag": 1, "change_message": "[{\"added\": {}}]"}}, {"model": "admin.logentry", "pk": 45, "fields": {"action_time": "2022-01-31T15:31:26.672Z", "user": 1, "content_type": 17, "object_id": "9", "object_repr": "R.E.M", "action_flag": 1, "change_message": "[{\"added\": {}}]"}}, {"model": "admin.logentry", "pk": 46, "fields": {"action_time": "2022-01-31T15:34:12.807Z", "user": 1, "content_type": 17, "object_id": "10", "object_repr": "God is a Woman", "action_flag": 1, "change_message": "[{\"added\": {}}]"}}, {"model": "admin.logentry", "pk": 47, "fields": {"action_time": "2022-01-31T15:38:02.556Z", "user": 1, "content_type": 15, "object_id": "2", "object_repr": "SWEETENER", "action_flag": 1, "change_message": "[{\"added\": {}}]"}}, {"model": "admin.logentry", "pk": 48, "fields": {"action_time": "2022-01-31T15:58:40.205Z", "user": 1, "content_type": 19, "object_id": "8", "object_repr": "Billie Eilish", "action_flag": 1, "change_message": "[{\"added\": {}}]"}}, {"model": "admin.logentry", "pk": 49, "fields": {"action_time": "2022-01-31T15:59:36.087Z", "user": 1, "content_type": 15, "object_id": "3", "object_repr": "Happier Than Ever", "action_flag": 1, "change_message": "[{\"added\": {}}]"}}, {"model": "admin.logentry", "pk": 50, "fields": {"action_time": "2022-01-31T16:06:24.882Z", "user": 1, "content_type": 19, "object_id": "9", "object_repr": "Ed Sheeran", "action_flag": 1, "change_message": "[{\"added\": {}}]"}}, {"model": "admin.logentry", "pk": 51, "fields": {"action_time": "2022-01-31T16:06:28.506Z", "user": 1, "content_type": 15, "object_id": "4", "object_repr": "Equals", "action_flag": 1, "change_message": "[{\"added\": {}}]"}}, {"model": "admin.logentry", "pk": 52, "fields": {"action_time": "2022-01-31T16:34:22.453Z", "user": 1, "content_type": 15, "object_id": "5", "object_repr": "30", "action_flag": 1, "change_message": "[{\"added\": {}}]"}}, {"model": "admin.logentry", "pk": 53, "fields": {"action_time": "2022-01-31T16:38:36.070Z", "user": 1, "content_type": 17, "object_id": "10", "object_repr": "God is a Woman", "action_flag": 2, "change_message": "[{\"changed\": {\"fields\": [\"Album\"]}}]"}}, {"model": "admin.logentry", "pk": 54, "fields": {"action_time": "2022-01-31T16:38:51.404Z", "user": 1, "content_type": 17, "object_id": "6", "object_repr": "Raindrops (an angel cried)", "action_flag": 2, "change_message": "[{\"changed\": {\"fields\": [\"Album\"]}}]"}}, {"model": "admin.logentry", "pk": 55, "fields": {"action_time": "2022-01-31T16:38:58.982Z", "user": 1, "content_type": 17, "object_id": "6", "object_repr": "Raindrops (an angel cried)", "action_flag": 2, "change_message": "[]"}}, {"model": "admin.logentry", "pk": 56, "fields": {"action_time": "2022-01-31T16:39:40.855Z", "user": 1, "content_type": 17, "object_id": "7", "object_repr": "Blazed", "action_flag": 2, "change_message": "[{\"changed\": {\"fields\": [\"Album\"]}}]"}}, {"model": "admin.logentry", "pk": 57, "fields": {"action_time": "2022-01-31T16:39:45.474Z", "user": 1, "content_type": 17, "object_id": "10", "object_repr": "God is a Woman", "action_flag": 2, "change_message": "[]"}}, {"model": "admin.logentry", "pk": 58, "fields": {"action_time": "2022-01-31T16:40:00.674Z", "user": 1, "content_type": 17, "object_id": "9", "object_repr": "R.E.M", "action_flag": 2, "change_message": "[{\"changed\": {\"fields\": [\"Album\"]}}]"}}, {"model": "admin.logentry", "pk": 59, "fields": {"action_time": "2022-01-31T16:40:47.369Z", "user": 1, "content_type": 17, "object_id": "8", "object_repr": "The Light is Coming", "action_flag": 2, "change_message": "[{\"changed\": {\"fields\": [\"Album\"]}}]"}}, {"model": "admin.logentry", "pk": 60, "fields": {"action_time": "2022-01-31T16:40:52.613Z", "user": 1, "content_type": 17, "object_id": "7", "object_repr": "Blazed", "action_flag": 2, "change_message": "[]"}}, {"model": "admin.logentry", "pk": 61, "fields": {"action_time": "2022-01-31T16:41:00.112Z", "user": 1, "content_type": 17, "object_id": "6", "object_repr": "Raindrops (an angel cried)", "action_flag": 2, "change_message": "[{\"changed\": {\"fields\": [\"Album\"]}}]"}}, {"model": "admin.logentry", "pk": 62, "fields": {"action_time": "2022-01-31T16:44:06.264Z", "user": 1, "content_type": 17, "object_id": "5", "object_repr": "Activate", "action_flag": 2, "change_message": "[{\"changed\": {\"fields\": [\"Album\"]}}]"}}, {"model": "admin.logentry", "pk": 63, "fields": {"action_time": "2022-01-31T16:56:27.928Z", "user": 1, "content_type": 17, "object_id": "2", "object_repr": "Someone Like You", "action_flag": 2, "change_message": "[{\"changed\": {\"fields\": [\"Album\"]}}]"}}, {"model": "admin.logentry", "pk": 64, "fields": {"action_time": "2022-01-31T16:56:38.884Z", "user": 1, "content_type": 17, "object_id": "3", "object_repr": "Baajo", "action_flag": 2, "change_message": "[{\"changed\": {\"fields\": [\"Album\"]}}]"}}, {"model": "admin.logentry", "pk": 65, "fields": {"action_time": "2022-01-31T16:56:46.883Z", "user": 1, "content_type": 17, "object_id": "4", "object_repr": "Doja Cat", "action_flag": 2, "change_message": "[{\"changed\": {\"fields\": [\"Album\"]}}]"}}, {"model": "admin.logentry", "pk": 66, "fields": {"action_time": "2022-01-31T16:59:41.261Z", "user": 1, "content_type": 17, "object_id": "11", "object_repr": "Strangers By Nature", "action_flag": 1, "change_message": "[{\"added\": {}}]"}}, {"model": "admin.logentry", "pk": 67, "fields": {"action_time": "2022-01-31T17:00:38.670Z", "user": 1, "content_type": 17, "object_id": "12", "object_repr": "Easy on Me", "action_flag": 1, "change_message": "[{\"added\": {}}]"}}, {"model": "admin.logentry", "pk": 68, "fields": {"action_time": "2022-01-31T17:01:26.619Z", "user": 1, "content_type": 17, "object_id": "13", "object_repr": "My Little Love", "action_flag": 1, "change_message": "[{\"added\": {}}]"}}, {"model": "admin.logentry", "pk": 69, "fields": {"action_time": "2022-01-31T17:02:54.408Z", "user": 1, "content_type": 17, "object_id": "14", "object_repr": "Cry Your Heart Out", "action_flag": 1, "change_message": "[{\"added\": {}}]"}}, {"model": "admin.logentry", "pk": 70, "fields": {"action_time": "2022-01-31T17:04:06.103Z", "user": 1, "content_type": 17, "object_id": "15", "object_repr": "Oh My God", "action_flag": 1, "change_message": "[{\"added\": {}}]"}}, {"model": "admin.logentry", "pk": 71, "fields": {"action_time": "2022-01-31T17:05:28.783Z", "user": 1, "content_type": 17, "object_id": "16", "object_repr": "Billie Bosa Nova", "action_flag": 1, "change_message": "[{\"added\": {}}]"}}, {"model": "admin.logentry", "pk": 72, "fields": {"action_time": "2022-01-31T17:07:14.727Z", "user": 1, "content_type": 17, "object_id": "17", "object_repr": "Everybody Dies", "action_flag": 1, "change_message": "[{\"added\": {}}]"}}, {"model": "admin.logentry", "pk": 73, "fields": {"action_time": "2022-01-31T17:09:13.097Z", "user": 1, "content_type": 17, "object_id": "18", "object_repr": "Getting Older", "action_flag": 1, "change_message": "[{\"added\": {}}]"}}, {"model": "admin.logentry", "pk": 74, "fields": {"action_time": "2022-01-31T17:13:56.943Z", "user": 1, "content_type": 17, "object_id": "19", "object_repr": "GOLDWING", "action_flag": 1, "change_message": "[{\"added\": {}}]"}}, {"model": "admin.logentry", "pk": 75, "fields": {"action_time": "2022-01-31T17:15:35.166Z", "user": 1, "content_type": 17, "object_id": "20", "object_repr": "Halley's Comet", "action_flag": 1, "change_message": "[{\"added\": {}}]"}}, {"model": "admin.logentry", "pk": 76, "fields": {"action_time": "2022-01-31T17:23:09.010Z", "user": 1, "content_type": 17, "object_id": "21", "object_repr": "Tides", "action_flag": 1, "change_message": "[{\"added\": {}}]"}}, {"model": "admin.logentry", "pk": 77, "fields": {"action_time": "2022-01-31T21:08:55.273Z", "user": 1, "content_type": 17, "object_id": "21", "object_repr": "Tides", "action_flag": 2, "change_message": "[]"}}, {"model": "admin.logentry", "pk": 78, "fields": {"action_time": "2022-01-31T21:10:15.244Z", "user": 1, "content_type": 17, "object_id": "22", "object_repr": "Shivers", "action_flag": 1, "change_message": "[{\"added\": {}}]"}}, {"model": "admin.logentry", "pk": 79, "fields": {"action_time": "2022-01-31T21:11:18.588Z", "user": 1, "content_type": 17, "object_id": "23", "object_repr": "First Times", "action_flag": 1, "change_message": "[{\"added\": {}}]"}}, {"model": "admin.logentry", "pk": 80, "fields": {"action_time": "2022-01-31T21:13:23.067Z", "user": 1, "content_type": 17, "object_id": "24", "object_repr": "Bad Habits", "action_flag": 1, "change_message": "[{\"added\": {}}]"}}, {"model": "admin.logentry", "pk": 81, "fields": {"action_time": "2022-01-31T21:16:30.418Z", "user": 1, "content_type": 17, "object_id": "25", "object_repr": "Overpass Grafffiti", "action_flag": 1, "change_message": "[{\"added\": {}}]"}}, {"model": "admin.logentry", "pk": 82, "fields": {"action_time": "2022-02-01T15:30:19.548Z", "user": 1, "content_type": 19, "object_id": "10", "object_repr": "Anne Marie", "action_flag": 1, "change_message": "[{\"added\": {}}]"}}, {"model": "admin.logentry", "pk": 83, "fields": {"action_time": "2022-02-01T15:30:24.297Z", "user": 1, "content_type": 21, "object_id": "1", "object_repr": "Push Myself", "action_flag": 1, "change_message": "[{\"added\": {}}]"}}, {"model": "admin.logentry", "pk": 84, "fields": {"action_time": "2022-02-08T02:43:07.043Z", "user": 1, "content_type": 16, "object_id": "2", "object_repr": "Rhythm", "action_flag": 2, "change_message": "[{\"changed\": {\"fields\": [\"Title\"]}}]"}}, {"model": "admin.logentry", "pk": 85, "fields": {"action_time": "2022-02-08T02:52:58.867Z", "user": 1, "content_type": 16, "object_id": "4", "object_repr": "Hits", "action_flag": 1, "change_message": "[{\"added\": {}}]"}}, {"model": "admin.logentry", "pk": 86, "fields": {"action_time": "2022-02-08T02:55:24.359Z", "user": 1, "content_type": 19, "object_id": "11", "object_repr": "Lewis Capaldi", "action_flag": 1, "change_message": "[{\"added\": {}}]"}}, {"model": "admin.logentry", "pk": 87, "fields": {"action_time": "2022-02-08T02:55:54.836Z", "user": 1, "content_type": 17, "object_id": "26", "object_repr": "Before you go", "action_flag": 1, "change_message": "[{\"added\": {}}]"}}, {"model": "admin.logentry", "pk": 88, "fields": {"action_time": "2022-02-08T02:56:38.642Z", "user": 1, "content_type": 19, "object_id": "12", "object_repr": "Joeboy", "action_flag": 1, "change_message": "[{\"added\": {}}]"}}, {"model": "admin.logentry", "pk": 89, "fields": {"action_time": "2022-02-08T02:56:58.054Z", "user": 1, "content_type": 17, "object_id": "27", "object_repr": "Alcohol", "action_flag": 1, "change_message": "[{\"added\": {}}]"}}, {"model": "admin.logentry", "pk": 90, "fields": {"action_time": "2022-02-08T02:58:06.427Z", "user": 1, "content_type": 19, "object_id": "13", "object_repr": "Luis Fonsi", "action_flag": 1, "change_message": "[{\"added\": {}}]"}}, {"model": "admin.logentry", "pk": 91, "fields": {"action_time": "2022-02-08T02:58:32.032Z", "user": 1, "content_type": 17, "object_id": "28", "object_repr": "Despacito", "action_flag": 1, "change_message": "[{\"added\": {}}]"}}, {"model": "admin.logentry", "pk": 92, "fields": {"action_time": "2022-02-08T03:11:32.337Z", "user": 1, "content_type": 16, "object_id": "5", "object_repr": "Kpop", "action_flag": 1, "change_message": "[{\"added\": {}}]"}}, {"model": "admin.logentry", "pk": 93, "fields": {"action_time": "2022-02-08T03:13:48.772Z", "user": 1, "content_type": 19, "object_id": "14", "object_repr": "Blackpink", "action_flag": 1, "change_message": "[{\"added\": {}}]"}}, {"model": "admin.logentry", "pk": 94, "fields": {"action_time": "2022-02-08T03:14:18.865Z", "user": 1, "content_type": 17, "object_id": "29", "object_repr": "Ice Cream", "action_flag": 1, "change_message": "[{\"added\": {}}]"}}, {"model": "admin.logentry", "pk": 95, "fields": {"action_time": "2022-02-08T03:15:19.053Z", "user": 1, "content_type": 19, "object_id": "15", "object_repr": "BTS", "action_flag": 1, "change_message": "[{\"added\": {}}]"}}, {"model": "admin.logentry", "pk": 96, "fields": {"action_time": "2022-02-08T03:15:51.299Z", "user": 1, "content_type": 17, "object_id": "30", "object_repr": "Dynamite", "action_flag": 1, "change_message": "[{\"added\": {}}]"}}, {"model": "admin.logentry", "pk": 97, "fields": {"action_time": "2022-02-08T03:17:42.586Z", "user": 1, "content_type": 15, "object_id": "6", "object_repr": "The Album", "action_flag": 1, "change_message": "[{\"added\": {}}]"}}, {"model": "admin.logentry", "pk": 98, "fields": {"action_time": "2022-02-08T03:17:53.344Z", "user": 1, "content_type": 17, "object_id": "31", "object_repr": "Love you to hate me", "action_flag": 1, "change_message": "[{\"added\": {}}]"}}, {"model": "admin.logentry", "pk": 99, "fields": {"action_time": "2022-02-08T03:21:11.508Z", "user": 1, "content_type": 19, "object_id": "16", "object_repr": "The Weekend", "action_flag": 1, "change_message": "[{\"added\": {}}]"}}, {"model": "admin.logentry", "pk": 100, "fields": {"action_time": "2022-02-08T03:22:42.665Z", "user": 1, "content_type": 17, "object_id": "32", "object_repr": "Blinding Lights", "action_flag": 1, "change_message": "[{\"added\": {}}]"}}, {"model": "admin.logentry", "pk": 101, "fields": {"action_time": "2022-02-08T03:29:27.144Z", "user": 1, "content_type": 16, "object_id": "6", "object_repr": "Orchestra", "action_flag": 1, "change_message": "[{\"added\": {}}]"}}, {"model": "admin.logentry", "pk": 102, "fields": {"action_time": "2022-02-08T03:29:52.517Z", "user": 1, "content_type": 19, "object_id": "17", "object_repr": "Auckland Symphony", "action_flag": 1, "change_message": "[{\"added\": {}}]"}}, {"model": "admin.logentry", "pk": 103, "fields": {"action_time": "2022-02-08T03:30:02.477Z", "user": 1, "content_type": 17, "object_id": "33", "object_repr": "Pirates of the Carribean", "action_flag": 1, "change_message": "[{\"added\": {}}]"}}, {"model": "admin.logentry", "pk": 104, "fields": {"action_time": "2022-02-18T14:58:01.417Z", "user": 1, "content_type": 17, "object_id": "12", "object_repr": "Easy on Me", "action_flag": 2, "change_message": "[{\"changed\": {\"fields\": [\"New\"]}}]"}}, {"model": "admin.logentry", "pk": 105, "fields": {"action_time": "2022-02-18T14:59:27.046Z", "user": 1, "content_type": 17, "object_id": "12", "object_repr": "Easy on Me", "action_flag": 2, "change_message": "[]"}}, {"model": "admin.logentry", "pk": 106, "fields": {"action_time": "2022-02-18T15:00:03.549Z", "user": 1, "content_type": 17, "object_id": "33", "object_repr": "Pirates of the Carribean", "action_flag": 2, "change_message": "[{\"changed\": {\"fields\": [\"New\"]}}]"}}, {"model": "admin.logentry", "pk": 107, "fields": {"action_time": "2022-02-18T15:00:13.662Z", "user": 1, "content_type": 17, "object_id": "28", "object_repr": "Despacito", "action_flag": 2, "change_message": "[{\"changed\": {\"fields\": [\"New\"]}}]"}}, {"model": "admin.logentry", "pk": 108, "fields": {"action_time": "2022-02-18T15:00:29.641Z", "user": 1, "content_type": 17, "object_id": "10", "object_repr": "God is a Woman", "action_flag": 2, "change_message": "[{\"changed\": {\"fields\": [\"New\"]}}]"}}, {"model": "admin.logentry", "pk": 109, "fields": {"action_time": "2022-02-18T15:00:37.446Z", "user": 1, "content_type": 17, "object_id": "9", "object_repr": "R.E.M", "action_flag": 2, "change_message": "[{\"changed\": {\"fields\": [\"New\"]}}]"}}, {"model": "admin.logentry", "pk": 110, "fields": {"action_time": "2022-02-18T15:00:48.134Z", "user": 1, "content_type": 17, "object_id": "9", "object_repr": "R.E.M", "action_flag": 2, "change_message": "[]"}}, {"model": "admin.logentry", "pk": 111, "fields": {"action_time": "2022-02-18T15:00:54.626Z", "user": 1, "content_type": 17, "object_id": "7", "object_repr": "Blazed", "action_flag": 2, "change_message": "[{\"changed\": {\"fields\": [\"New\"]}}]"}}, {"model": "admin.logentry", "pk": 112, "fields": {"action_time": "2022-02-18T15:01:01.344Z", "user": 1, "content_type": 17, "object_id": "1", "object_repr": "Anything", "action_flag": 2, "change_message": "[{\"changed\": {\"fields\": [\"New\"]}}]"}}, {"model": "admin.logentry", "pk": 113, "fields": {"action_time": "2022-02-18T15:01:10.449Z", "user": 1, "content_type": 17, "object_id": "2", "object_repr": "Someone Like You", "action_flag": 2, "change_message": "[{\"changed\": {\"fields\": [\"New\"]}}]"}}, {"model": "admin.logentry", "pk": 114, "fields": {"action_time": "2022-02-18T21:33:54.929Z", "user": 1, "content_type": 23, "object_id": "1", "object_repr": "LikedMusic object (1)", "action_flag": 1, "change_message": "[{\"added\": {}}]"}}, {"model": "admin.logentry", "pk": 115, "fields": {"action_time": "2022-02-18T21:34:18.095Z", "user": 1, "content_type": 23, "object_id": "1", "object_repr": "LikedMusic object (1)", "action_flag": 2, "change_message": "[]"}}, {"model": "admin.logentry", "pk": 116, "fields": {"action_time": "2022-02-19T09:02:13.048Z", "user": 1, "content_type": 23, "object_id": "1", "object_repr": "LikedMusic object (1)", "action_flag": 2, "change_message": "[{\"changed\": {\"fields\": [\"Title\", \"Image\", \"Main artiste\", \"Collaborators\", \"Music file\"]}}]"}}, {"model": "admin.logentry", "pk": 117, "fields": {"action_time": "2022-02-19T15:11:33.883Z", "user": 1, "content_type": 23, "object_id": "1", "object_repr": "LikedMusic object (1)", "action_flag": 2, "change_message": "[{\"changed\": {\"fields\": [\"Music\"]}}]"}}, {"model": "admin.logentry", "pk": 118, "fields": {"action_time": "2022-02-21T00:29:24.127Z", "user": 1, "content_type": 23, "object_id": "1", "object_repr": "LikedMusic object (1)", "action_flag": 2, "change_message": "[]"}}, {"model": "admin.logentry", "pk": 119, "fields": {"action_time": "2022-02-21T00:31:56.974Z", "user": 1, "content_type": 23, "object_id": "2", "object_repr": "LikedMusic object (2)", "action_flag": 2, "change_message": "[{\"changed\": {\"fields\": [\"User token\", \"Music\"]}}]"}}, {"model": "admin.logentry", "pk": 120, "fields": {"action_time": "2022-02-21T00:40:07.552Z", "user": 1, "content_type": 4, "object_id": "10", "object_repr": "linss", "action_flag": 1, "change_message": "[{\"added\": {}}]"}}, {"model": "admin.logentry", "pk": 121, "fields": {"action_time": "2022-02-21T00:57:21.063Z", "user": 1, "content_type": 23, "object_id": "15", "object_repr": "LikedMusic object (15)", "action_flag": 3, "change_message": ""}}, {"model": "admin.logentry", "pk": 122, "fields": {"action_time": "2022-02-21T00:57:21.070Z", "user": 1, "content_type": 23, "object_id": "14", "object_repr": "LikedMusic object (14)", "action_flag": 3, "change_message": ""}}, {"model": "admin.logentry", "pk": 123, "fields": {"action_time": "2022-02-21T00:57:21.075Z", "user": 1, "content_type": 23, "object_id": "13", "object_repr": "LikedMusic object (13)", "action_flag": 3, "change_message": ""}}, {"model": "admin.logentry", "pk": 124, "fields": {"action_time": "2022-02-21T00:57:21.092Z", "user": 1, "content_type": 23, "object_id": "12", "object_repr": "LikedMusic object (12)", "action_flag": 3, "change_message": ""}}, {"model": "admin.logentry", "pk": 125, "fields": {"action_time": "2022-02-21T00:57:21.100Z", "user": 1, "content_type": 23, "object_id": "10", "object_repr": "LikedMusic object (10)", "action_flag": 3, "change_message": ""}}, {"model": "admin.logentry", "pk": 126, "fields": {"action_time": "2022-02-21T00:57:21.123Z", "user": 1, "content_type": 23, "object_id": "9", "object_repr": "LikedMusic object (9)", "action_flag": 3, "change_message": ""}}, {"model": "admin.logentry", "pk": 127, "fields": {"action_time": "2022-02-21T00:57:21.135Z", "user": 1, "content_type": 23, "object_id": "7", "object_repr": "LikedMusic object (7)", "action_flag": 3, "change_message": ""}}, {"model": "admin.logentry", "pk": 128, "fields": {"action_time": "2022-02-21T00:57:21.140Z", "user": 1, "content_type": 23, "object_id": "6", "object_repr": "LikedMusic object (6)", "action_flag": 3, "change_message": ""}}, {"model": "admin.logentry", "pk": 129, "fields": {"action_time": "2022-02-21T00:57:21.158Z", "user": 1, "content_type": 23, "object_id": "5", "object_repr": "LikedMusic object (5)", "action_flag": 3, "change_message": ""}}, {"model": "admin.logentry", "pk": 130, "fields": {"action_time": "2022-02-21T00:57:21.162Z", "user": 1, "content_type": 23, "object_id": "4", "object_repr": "LikedMusic object (4)", "action_flag": 3, "change_message": ""}}, {"model": "admin.logentry", "pk": 131, "fields": {"action_time": "2022-02-21T00:57:21.179Z", "user": 1, "content_type": 23, "object_id": "3", "object_repr": "LikedMusic object (3)", "action_flag": 3, "change_message": ""}}, {"model": "admin.logentry", "pk": 132, "fields": {"action_time": "2022-02-21T00:57:21.191Z", "user": 1, "content_type": 23, "object_id": "2", "object_repr": "LikedMusic object (2)", "action_flag": 3, "change_message": ""}}, {"model": "admin.logentry", "pk": 133, "fields": {"action_time": "2022-02-21T01:00:39.157Z", "user": 1, "content_type": 23, "object_id": "18", "object_repr": "LikedMusic object (18)", "action_flag": 3, "change_message": ""}}, {"model": "admin.logentry", "pk": 134, "fields": {"action_time": "2022-02-21T01:00:39.163Z", "user": 1, "content_type": 23, "object_id": "17", "object_repr": "LikedMusic object (17)", "action_flag": 3, "change_message": ""}}, {"model": "admin.logentry", "pk": 135, "fields": {"action_time": "2022-02-21T11:22:02.882Z", "user": 1, "content_type": 22, "object_id": "1", "object_repr": "FollowedArtistes object (1)", "action_flag": 3, "change_message": ""}}, {"model": "admin.logentry", "pk": 136, "fields": {"action_time": "2022-02-21T11:24:24.415Z", "user": 1, "content_type": 22, "object_id": "2", "object_repr": "FollowedArtistes object (2)", "action_flag": 3, "change_message": ""}}, {"model": "admin.logentry", "pk": 137, "fields": {"action_time": "2022-02-21T11:25:08.946Z", "user": 1, "content_type": 22, "object_id": "3", "object_repr": "FollowedArtistes object (3)", "action_flag": 3, "change_message": ""}}, {"model": "admin.logentry", "pk": 138, "fields": {"action_time": "2022-02-21T11:27:39.229Z", "user": 1, "content_type": 22, "object_id": "8", "object_repr": "None", "action_flag": 3, "change_message": ""}}, {"model": "admin.logentry", "pk": 139, "fields": {"action_time": "2022-02-21T11:27:39.239Z", "user": 1, "content_type": 22, "object_id": "7", "object_repr": "Sarkodie", "action_flag": 3, "change_message": ""}}, {"model": "admin.logentry", "pk": 140, "fields": {"action_time": "2022-02-21T11:27:39.247Z", "user": 1, "content_type": 22, "object_id": "6", "object_repr": "None", "action_flag": 3, "change_message": ""}}, {"model": "admin.logentry", "pk": 141, "fields": {"action_time": "2022-02-21T11:27:39.269Z", "user": 1, "content_type": 22, "object_id": "5", "object_repr": "Sarkodie", "action_flag": 3, "change_message": ""}}, {"model": "admin.logentry", "pk": 142, "fields": {"action_time": "2022-02-21T11:27:39.277Z", "user": 1, "content_type": 22, "object_id": "4", "object_repr": "None", "action_flag": 3, "change_message": ""}}, {"model": "admin.logentry", "pk": 143, "fields": {"action_time": "2022-02-21T11:30:39.667Z", "user": 1, "content_type": 22, "object_id": "10", "object_repr": "None", "action_flag": 3, "change_message": ""}}, {"model": "admin.logentry", "pk": 144, "fields": {"action_time": "2022-02-21T11:30:39.678Z", "user": 1, "content_type": 22, "object_id": "9", "object_repr": "Sarkodie", "action_flag": 3, "change_message": ""}}, {"model": "admin.logentry", "pk": 145, "fields": {"action_time": "2022-02-21T11:32:30.026Z", "user": 1, "content_type": 22, "object_id": "11", "object_repr": "Sarkodie", "action_flag": 3, "change_message": ""}}, {"model": "admin.logentry", "pk": 146, "fields": {"action_time": "2022-02-21T11:32:40.411Z", "user": 1, "content_type": 22, "object_id": "12", "object_repr": "None", "action_flag": 3, "change_message": ""}}, {"model": "admin.logentry", "pk": 147, "fields": {"action_time": "2022-02-21T12:04:16.956Z", "user": 1, "content_type": 23, "object_id": "24", "object_repr": "None", "action_flag": 3, "change_message": ""}}, {"model": "admin.logentry", "pk": 148, "fields": {"action_time": "2022-02-21T12:04:16.967Z", "user": 1, "content_type": 23, "object_id": "23", "object_repr": "None", "action_flag": 3, "change_message": ""}}, {"model": "admin.logentry", "pk": 149, "fields": {"action_time": "2022-02-21T12:04:16.975Z", "user": 1, "content_type": 23, "object_id": "21", "object_repr": "None", "action_flag": 3, "change_message": ""}}, {"model": "admin.logentry", "pk": 150, "fields": {"action_time": "2022-02-21T12:04:16.996Z", "user": 1, "content_type": 23, "object_id": "20", "object_repr": "None", "action_flag": 3, "change_message": ""}}, {"model": "admin.logentry", "pk": 151, "fields": {"action_time": "2022-02-21T12:04:38.779Z", "user": 1, "content_type": 23, "object_id": "25", "object_repr": "Someone Like You", "action_flag": 1, "change_message": "[{\"added\": {}}]"}}, {"model": "admin.logentry", "pk": 152, "fields": {"action_time": "2022-02-21T14:05:28.619Z", "user": 1, "content_type": 17, "object_id": "1", "object_repr": "Push Myself", "action_flag": 2, "change_message": "[{\"changed\": {\"fields\": [\"Image\", \"Title\", \"Genre\", \"Album\", \"Main artiste\", \"Music file\"]}}]"}}, {"model": "admin.logentry", "pk": 153, "fields": {"action_time": "2022-02-21T14:09:59.694Z", "user": 1, "content_type": 17, "object_id": "34", "object_repr": "Anything", "action_flag": 1, "change_message": "[{\"added\": {}}]"}}, {"model": "admin.logentry", "pk": 154, "fields": {"action_time": "2022-02-21T14:15:23.342Z", "user": 1, "content_type": 19, "object_id": "18", "object_repr": "Gyakie", "action_flag": 1, "change_message": "[{\"added\": {}}]"}}, {"model": "admin.logentry", "pk": 155, "fields": {"action_time": "2022-02-21T14:15:30.144Z", "user": 1, "content_type": 15, "object_id": "7", "object_repr": "SEED EP", "action_flag": 1, "change_message": "[{\"added\": {}}]"}}, {"model": "admin.logentry", "pk": 156, "fields": {"action_time": "2022-02-21T14:16:08.837Z", "user": 1, "content_type": 15, "object_id": "8", "object_repr": "BlackLove", "action_flag": 1, "change_message": "[{\"added\": {}}]"}}, {"model": "admin.logentry", "pk": 157, "fields": {"action_time": "2022-02-21T14:20:17.696Z", "user": 1, "content_type": 17, "object_id": "35", "object_repr": "Nana Nyame", "action_flag": 1, "change_message": "[{\"added\": {}}]"}}, {"model": "admin.logentry", "pk": 158, "fields": {"action_time": "2022-02-21T14:21:27.543Z", "user": 1, "content_type": 17, "object_id": "36", "object_repr": "Vacaion", "action_flag": 1, "change_message": "[{\"added\": {}}]"}}, {"model": "admin.logentry", "pk": 159, "fields": {"action_time": "2022-02-21T14:22:21.777Z", "user": 1, "content_type": 17, "object_id": "37", "object_repr": "Whine", "action_flag": 1, "change_message": "[{\"added\": {}}]"}}, {"model": "admin.logentry", "pk": 160, "fields": {"action_time": "2022-02-21T14:23:44.274Z", "user": 1, "content_type": 17, "object_id": "38", "object_repr": "Forever", "action_flag": 1, "change_message": "[{\"added\": {}}]"}}, {"model": "admin.logentry", "pk": 161, "fields": {"action_time": "2022-02-21T14:25:58.130Z", "user": 1, "content_type": 17, "object_id": "39", "object_repr": "Coachella", "action_flag": 1, "change_message": "[{\"added\": {}}]"}}, {"model": "admin.logentry", "pk": 162, "fields": {"action_time": "2022-02-21T14:27:17.169Z", "user": 1, "content_type": 17, "object_id": "40", "object_repr": "Can't Let You Go", "action_flag": 1, "change_message": "[{\"added\": {}}]"}}, {"model": "admin.logentry", "pk": 163, "fields": {"action_time": "2022-02-21T14:27:42.961Z", "user": 1, "content_type": 17, "object_id": "40", "object_repr": "Can't Let You Go", "action_flag": 2, "change_message": "[{\"changed\": {\"fields\": [\"Collaborators\"]}}]"}}, {"model": "admin.logentry", "pk": 164, "fields": {"action_time": "2022-02-21T14:28:38.456Z", "user": 1, "content_type": 17, "object_id": "41", "object_repr": "Saara", "action_flag": 1, "change_message": "[{\"added\": {}}]"}}, {"model": "admin.logentry", "pk": 165, "fields": {"action_time": "2022-02-21T14:30:12.969Z", "user": 1, "content_type": 17, "object_id": "42", "object_repr": "Womba", "action_flag": 1, "change_message": "[{\"added\": {}}]"}}, {"model": "admin.logentry", "pk": 166, "fields": {"action_time": "2022-02-21T14:39:25.290Z", "user": 1, "content_type": 18, "object_id": "1", "object_repr": "This Is Sarkodie", "action_flag": 1, "change_message": "[{\"added\": {}}]"}}, {"model": "admin.logentry", "pk": 167, "fields": {"action_time": "2022-02-21T14:41:48.402Z", "user": 1, "content_type": 18, "object_id": "2", "object_repr": "Party", "action_flag": 1, "change_message": "[{\"added\": {}}]"}}, {"model": "admin.logentry", "pk": 168, "fields": {"action_time": "2022-02-21T14:43:25.617Z", "user": 1, "content_type": 18, "object_id": "3", "object_repr": "Happy Mix", "action_flag": 1, "change_message": "[{\"added\": {}}]"}}, {"model": "admin.logentry", "pk": 169, "fields": {"action_time": "2022-02-21T14:44:51.308Z", "user": 1, "content_type": 18, "object_id": "4", "object_repr": "2000s Mix", "action_flag": 1, "change_message": "[{\"added\": {}}]"}}, {"model": "admin.logentry", "pk": 170, "fields": {"action_time": "2022-03-07T15:49:10.218Z", "user": 1, "content_type": 25, "object_id": "1", "object_repr": "UserImage object (1)", "action_flag": 1, "change_message": "[{\"added\": {}}]"}}, {"model": "admin.logentry", "pk": 171, "fields": {"action_time": "2022-03-07T15:49:29.323Z", "user": 1, "content_type": 25, "object_id": "1", "object_repr": "UserImage object (1)", "action_flag": 2, "change_message": "[]"}}, {"model": "admin.logentry", "pk": 172, "fields": {"action_time": "2022-03-07T15:49:35.988Z", "user": 1, "content_type": 25, "object_id": "2", "object_repr": "UserImage object (2)", "action_flag": 1, "change_message": "[{\"added\": {}}]"}}, {"model": "admin.logentry", "pk": 173, "fields": {"action_time": "2022-03-07T15:49:47.766Z", "user": 1, "content_type": 25, "object_id": "3", "object_repr": "UserImage object (3)", "action_flag": 1, "change_message": "[{\"added\": {}}]"}}, {"model": "admin.logentry", "pk": 174, "fields": {"action_time": "2022-03-07T15:49:58.384Z", "user": 1, "content_type": 25, "object_id": "4", "object_repr": "UserImage object (4)", "action_flag": 1, "change_message": "[{\"added\": {}}]"}}, {"model": "admin.logentry", "pk": 175, "fields": {"action_time": "2022-03-07T15:50:08.893Z", "user": 1, "content_type": 25, "object_id": "5", "object_repr": "UserImage object (5)", "action_flag": 1, "change_message": "[{\"added\": {}}]"}}, {"model": "admin.logentry", "pk": 176, "fields": {"action_time": "2022-03-07T16:21:23.434Z", "user": 1, "content_type": 8, "object_id": "1", "object_repr": "cea37ea0d86ccaa57b0e53e9565317e2e9a58b15", "action_flag": 1, "change_message": "[{\"added\": {}}]"}}, {"model": "admin.logentry", "pk": 177, "fields": {"action_time": "2022-03-13T23:23:54.747Z", "user": 1, "content_type": 20, "object_id": "1", "object_repr": "russell", "action_flag": 3, "change_message": ""}}, {"model": "auth.permission", "pk": 1, "fields": {"name": "Can add log entry", "content_type": 1, "codename": "add_logentry"}}, {"model": "auth.permission", "pk": 2, "fields": {"name": "Can change log entry", "content_type": 1, "codename": "change_logentry"}}, {"model": "auth.permission", "pk": 3, "fields": {"name": "Can delete log entry", "content_type": 1, "codename": "delete_logentry"}}, {"model": "auth.permission", "pk": 4, "fields": {"name": "Can view log entry", "content_type": 1, "codename": "view_logentry"}}, {"model": "auth.permission", "pk": 5, "fields": {"name": "Can add permission", "content_type": 2, "codename": "add_permission"}}, {"model": "auth.permission", "pk": 6, "fields": {"name": "Can change permission", "content_type": 2, "codename": "change_permission"}}, {"model": "auth.permission", "pk": 7, "fields": {"name": "Can delete permission", "content_type": 2, "codename": "delete_permission"}}, {"model": "auth.permission", "pk": 8, "fields": {"name": "Can view permission", "content_type": 2, "codename": "view_permission"}}, {"model": "auth.permission", "pk": 9, "fields": {"name": "Can add group", "content_type": 3, "codename": "add_group"}}, {"model": "auth.permission", "pk": 10, "fields": {"name": "Can change group", "content_type": 3, "codename": "change_group"}}, {"model": "auth.permission", "pk": 11, "fields": {"name": "Can delete group", "content_type": 3, "codename": "delete_group"}}, {"model": "auth.permission", "pk": 12, "fields": {"name": "Can view group", "content_type": 3, "codename": "view_group"}}, {"model": "auth.permission", "pk": 13, "fields": {"name": "Can add user", "content_type": 4, "codename": "add_user"}}, {"model": "auth.permission", "pk": 14, "fields": {"name": "Can change user", "content_type": 4, "codename": "change_user"}}, {"model": "auth.permission", "pk": 15, "fields": {"name": "Can delete user", "content_type": 4, "codename": "delete_user"}}, {"model": "auth.permission", "pk": 16, "fields": {"name": "Can view user", "content_type": 4, "codename": "view_user"}}, {"model": "auth.permission", "pk": 17, "fields": {"name": "Can add content type", "content_type": 5, "codename": "add_contenttype"}}, {"model": "auth.permission", "pk": 18, "fields": {"name": "Can change content type", "content_type": 5, "codename": "change_contenttype"}}, {"model": "auth.permission", "pk": 19, "fields": {"name": "Can delete content type", "content_type": 5, "codename": "delete_contenttype"}}, {"model": "auth.permission", "pk": 20, "fields": {"name": "Can view content type", "content_type": 5, "codename": "view_contenttype"}}, {"model": "auth.permission", "pk": 21, "fields": {"name": "Can add session", "content_type": 6, "codename": "add_session"}}, {"model": "auth.permission", "pk": 22, "fields": {"name": "Can change session", "content_type": 6, "codename": "change_session"}}, {"model": "auth.permission", "pk": 23, "fields": {"name": "Can delete session", "content_type": 6, "codename": "delete_session"}}, {"model": "auth.permission", "pk": 24, "fields": {"name": "Can view session", "content_type": 6, "codename": "view_session"}}, {"model": "auth.permission", "pk": 25, "fields": {"name": "Can add Token", "content_type": 7, "codename": "add_token"}}, {"model": "auth.permission", "pk": 26, "fields": {"name": "Can change Token", "content_type": 7, "codename": "change_token"}}, {"model": "auth.permission", "pk": 27, "fields": {"name": "Can delete Token", "content_type": 7, "codename": "delete_token"}}, {"model": "auth.permission", "pk": 28, "fields": {"name": "Can view Token", "content_type": 7, "codename": "view_token"}}, {"model": "auth.permission", "pk": 29, "fields": {"name": "Can add token", "content_type": 8, "codename": "add_tokenproxy"}}, {"model": "auth.permission", "pk": 30, "fields": {"name": "Can change token", "content_type": 8, "codename": "change_tokenproxy"}}, {"model": "auth.permission", "pk": 31, "fields": {"name": "Can delete token", "content_type": 8, "codename": "delete_tokenproxy"}}, {"model": "auth.permission", "pk": 32, "fields": {"name": "Can view token", "content_type": 8, "codename": "view_tokenproxy"}}, {"model": "auth.permission", "pk": 33, "fields": {"name": "Can add site", "content_type": 9, "codename": "add_site"}}, {"model": "auth.permission", "pk": 34, "fields": {"name": "Can change site", "content_type": 9, "codename": "change_site"}}, {"model": "auth.permission", "pk": 35, "fields": {"name": "Can delete site", "content_type": 9, "codename": "delete_site"}}, {"model": "auth.permission", "pk": 36, "fields": {"name": "Can view site", "content_type": 9, "codename": "view_site"}}, {"model": "auth.permission", "pk": 37, "fields": {"name": "Can add email address", "content_type": 10, "codename": "add_emailaddress"}}, {"model": "auth.permission", "pk": 38, "fields": {"name": "Can change email address", "content_type": 10, "codename": "change_emailaddress"}}, {"model": "auth.permission", "pk": 39, "fields": {"name": "Can delete email address", "content_type": 10, "codename": "delete_emailaddress"}}, {"model": "auth.permission", "pk": 40, "fields": {"name": "Can view email address", "content_type": 10, "codename": "view_emailaddress"}}, {"model": "auth.permission", "pk": 41, "fields": {"name": "Can add email confirmation", "content_type": 11, "codename": "add_emailconfirmation"}}, {"model": "auth.permission", "pk": 42, "fields": {"name": "Can change email confirmation", "content_type": 11, "codename": "change_emailconfirmation"}}, {"model": "auth.permission", "pk": 43, "fields": {"name": "Can delete email confirmation", "content_type": 11, "codename": "delete_emailconfirmation"}}, {"model": "auth.permission", "pk": 44, "fields": {"name": "Can view email confirmation", "content_type": 11, "codename": "view_emailconfirmation"}}, {"model": "auth.permission", "pk": 45, "fields": {"name": "Can add social account", "content_type": 12, "codename": "add_socialaccount"}}, {"model": "auth.permission", "pk": 46, "fields": {"name": "Can change social account", "content_type": 12, "codename": "change_socialaccount"}}, {"model": "auth.permission", "pk": 47, "fields": {"name": "Can delete social account", "content_type": 12, "codename": "delete_socialaccount"}}, {"model": "auth.permission", "pk": 48, "fields": {"name": "Can view social account", "content_type": 12, "codename": "view_socialaccount"}}, {"model": "auth.permission", "pk": 49, "fields": {"name": "Can add social application", "content_type": 13, "codename": "add_socialapp"}}, {"model": "auth.permission", "pk": 50, "fields": {"name": "Can change social application", "content_type": 13, "codename": "change_socialapp"}}, {"model": "auth.permission", "pk": 51, "fields": {"name": "Can delete social application", "content_type": 13, "codename": "delete_socialapp"}}, {"model": "auth.permission", "pk": 52, "fields": {"name": "Can view social application", "content_type": 13, "codename": "view_socialapp"}}, {"model": "auth.permission", "pk": 53, "fields": {"name": "Can add social application token", "content_type": 14, "codename": "add_socialtoken"}}, {"model": "auth.permission", "pk": 54, "fields": {"name": "Can change social application token", "content_type": 14, "codename": "change_socialtoken"}}, {"model": "auth.permission", "pk": 55, "fields": {"name": "Can delete social application token", "content_type": 14, "codename": "delete_socialtoken"}}, {"model": "auth.permission", "pk": 56, "fields": {"name": "Can view social application token", "content_type": 14, "codename": "view_socialtoken"}}, {"model": "auth.permission", "pk": 57, "fields": {"name": "Can add album", "content_type": 15, "codename": "add_album"}}, {"model": "auth.permission", "pk": 58, "fields": {"name": "Can change album", "content_type": 15, "codename": "change_album"}}, {"model": "auth.permission", "pk": 59, "fields": {"name": "Can delete album", "content_type": 15, "codename": "delete_album"}}, {"model": "auth.permission", "pk": 60, "fields": {"name": "Can view album", "content_type": 15, "codename": "view_album"}}, {"model": "auth.permission", "pk": 61, "fields": {"name": "Can add genre", "content_type": 16, "codename": "add_genre"}}, {"model": "auth.permission", "pk": 62, "fields": {"name": "Can change genre", "content_type": 16, "codename": "change_genre"}}, {"model": "auth.permission", "pk": 63, "fields": {"name": "Can delete genre", "content_type": 16, "codename": "delete_genre"}}, {"model": "auth.permission", "pk": 64, "fields": {"name": "Can view genre", "content_type": 16, "codename": "view_genre"}}, {"model": "auth.permission", "pk": 65, "fields": {"name": "Can add music", "content_type": 17, "codename": "add_music"}}, {"model": "auth.permission", "pk": 66, "fields": {"name": "Can change music", "content_type": 17, "codename": "change_music"}}, {"model": "auth.permission", "pk": 67, "fields": {"name": "Can delete music", "content_type": 17, "codename": "delete_music"}}, {"model": "auth.permission", "pk": 68, "fields": {"name": "Can view music", "content_type": 17, "codename": "view_music"}}, {"model": "auth.permission", "pk": 69, "fields": {"name": "Can add playlist", "content_type": 18, "codename": "add_playlist"}}, {"model": "auth.permission", "pk": 70, "fields": {"name": "Can change playlist", "content_type": 18, "codename": "change_playlist"}}, {"model": "auth.permission", "pk": 71, "fields": {"name": "Can delete playlist", "content_type": 18, "codename": "delete_playlist"}}, {"model": "auth.permission", "pk": 72, "fields": {"name": "Can view playlist", "content_type": 18, "codename": "view_playlist"}}, {"model": "auth.permission", "pk": 73, "fields": {"name": "Can add artiste", "content_type": 19, "codename": "add_artiste"}}, {"model": "auth.permission", "pk": 74, "fields": {"name": "Can change artiste", "content_type": 19, "codename": "change_artiste"}}, {"model": "auth.permission", "pk": 75, "fields": {"name": "Can delete artiste", "content_type": 19, "codename": "delete_artiste"}}, {"model": "auth.permission", "pk": 76, "fields": {"name": "Can view artiste", "content_type": 19, "codename": "view_artiste"}}, {"model": "auth.permission", "pk": 77, "fields": {"name": "Can add beta users", "content_type": 20, "codename": "add_betausers"}}, {"model": "auth.permission", "pk": 78, "fields": {"name": "Can change beta users", "content_type": 20, "codename": "change_betausers"}}, {"model": "auth.permission", "pk": 79, "fields": {"name": "Can delete beta users", "content_type": 20, "codename": "delete_betausers"}}, {"model": "auth.permission", "pk": 80, "fields": {"name": "Can view beta users", "content_type": 20, "codename": "view_betausers"}}, {"model": "auth.permission", "pk": 81, "fields": {"name": "Can add cover artiste", "content_type": 21, "codename": "add_coverartiste"}}, {"model": "auth.permission", "pk": 82, "fields": {"name": "Can change cover artiste", "content_type": 21, "codename": "change_coverartiste"}}, {"model": "auth.permission", "pk": 83, "fields": {"name": "Can delete cover artiste", "content_type": 21, "codename": "delete_coverartiste"}}, {"model": "auth.permission", "pk": 84, "fields": {"name": "Can view cover artiste", "content_type": 21, "codename": "view_coverartiste"}}, {"model": "auth.permission", "pk": 85, "fields": {"name": "Can add followed artistes", "content_type": 22, "codename": "add_followedartistes"}}, {"model": "auth.permission", "pk": 86, "fields": {"name": "Can change followed artistes", "content_type": 22, "codename": "change_followedartistes"}}, {"model": "auth.permission", "pk": 87, "fields": {"name": "Can delete followed artistes", "content_type": 22, "codename": "delete_followedartistes"}}, {"model": "auth.permission", "pk": 88, "fields": {"name": "Can view followed artistes", "content_type": 22, "codename": "view_followedartistes"}}, {"model": "auth.permission", "pk": 89, "fields": {"name": "Can add liked music", "content_type": 23, "codename": "add_likedmusic"}}, {"model": "auth.permission", "pk": 90, "fields": {"name": "Can change liked music", "content_type": 23, "codename": "change_likedmusic"}}, {"model": "auth.permission", "pk": 91, "fields": {"name": "Can delete liked music", "content_type": 23, "codename": "delete_likedmusic"}}, {"model": "auth.permission", "pk": 92, "fields": {"name": "Can view liked music", "content_type": 23, "codename": "view_likedmusic"}}, {"model": "auth.permission", "pk": 93, "fields": {"name": "Can add listen later", "content_type": 24, "codename": "add_listenlater"}}, {"model": "auth.permission", "pk": 94, "fields": {"name": "Can change listen later", "content_type": 24, "codename": "change_listenlater"}}, {"model": "auth.permission", "pk": 95, "fields": {"name": "Can delete listen later", "content_type": 24, "codename": "delete_listenlater"}}, {"model": "auth.permission", "pk": 96, "fields": {"name": "Can view listen later", "content_type": 24, "codename": "view_listenlater"}}, {"model": "auth.permission", "pk": 97, "fields": {"name": "Can add user image", "content_type": 25, "codename": "add_userimage"}}, {"model": "auth.permission", "pk": 98, "fields": {"name": "Can change user image", "content_type": 25, "codename": "change_userimage"}}, {"model": "auth.permission", "pk": 99, "fields": {"name": "Can delete user image", "content_type": 25, "codename": "delete_userimage"}}, {"model": "auth.permission", "pk": 100, "fields": {"name": "Can view user image", "content_type": 25, "codename": "view_userimage"}}, {"model": "auth.user", "pk": 1, "fields": {"password": "pbkdf2_sha256$320000$rLDCSQTNTC1LiU5Pkv1r5n$dVZZ5TUgLovtibANiEfnzVKDfqcirwLI39Q6b1TnYMs=", "last_login": "2022-03-13T23:23:35.537Z", "is_superuser": true, "username": "russell", "first_name": "", "last_name": "", "email": "russellquaicoo1@gmail.com", "is_staff": true, "is_active": true, "date_joined": "2022-01-19T11:18:49.471Z", "groups": [], "user_permissions": []}}, {"model": "auth.user", "pk": 2, "fields": {"password": "pbkdf2_sha256$320000$qbpMlXxG5opS9LYDEZUbBm$W2xP6zdxSk6FJ4+w2b9GHSPD8qNjr+0fD6AODBjbcEg=", "last_login": null, "is_superuser": false, "username": "nat", "first_name": "", "last_name": "", "email": "bongo@gmail.com", "is_staff": false, "is_active": true, "date_joined": "2022-01-26T07:46:13.505Z", "groups": [], "user_permissions": []}}, {"model": "auth.user", "pk": 3, "fields": {"password": "pbkdf2_sha256$320000$FUtJuuxNFiVoImCz2xMNYj$3qpBK7Avh/YiMZYp50p78IMSs8djIAP0te7a1fiWGLI=", "last_login": null, "is_superuser": false, "username": "joshua", "first_name": "", "last_name": "", "email": "joshua@email.com", "is_staff": false, "is_active": true, "date_joined": "2022-01-29T22:18:36.770Z", "groups": [], "user_permissions": []}}, {"model": "auth.user", "pk": 7, "fields": {"password": "pbkdf2_sha256$320000$p1DdaGOR2zLHSg02bbgyfM$RDECyQZcXAXDBbK72gndx8yBAwJLUf3BF5r9SG5GPss=", "last_login": null, "is_superuser": false, "username": "jony1", "first_name": "", "last_name": "", "email": "jony1@gmail.com", "is_staff": false, "is_active": true, "date_joined": "2022-01-29T22:30:32.394Z", "groups": [], "user_permissions": []}}, {"model": "auth.user", "pk": 8, "fields": {"password": "pbkdf2_sha256$320000$qYpSOItYPMWU8oaVXm93AZ$wr5nG7QMUNJPP2bO9kWdtoX8ZYjBJfWfN66PoRtZPuM=", "last_login": null, "is_superuser": false, "username": "jony12", "first_name": "", "last_name": "", "email": "jony12@gmail.com", "is_staff": false, "is_active": true, "date_joined": "2022-01-29T22:32:00.048Z", "groups": [], "user_permissions": []}}, {"model": "auth.user", "pk": 9, "fields": {"password": "pbkdf2_sha256$320000$2UECrLL6AjsDfVDZixqr5Q$egjiHIuPAGWGJFMjR5B5s5jOslZ9t/c5sSwNvsVuqnQ=", "last_login": null, "is_superuser": false, "username": "jony123", "first_name": "", "last_name": "", "email": "jony123@gmail.com", "is_staff": false, "is_active": true, "date_joined": "2022-01-29T22:32:47.422Z", "groups": [], "user_permissions": []}}, {"model": "auth.user", "pk": 10, "fields": {"password": "pbkdf2_sha256$320000$QG3rDbpeSG0elIoqqpSqLM$xmhDGIWc/G+ZLjRTKucTeMbqXTEbli4/OIVoJrCB6jE=", "last_login": null, "is_superuser": false, "username": "linss", "first_name": "", "last_name": "", "email": "", "is_staff": false, "is_active": true, "date_joined": "2022-02-21T00:40:07.317Z", "groups": [], "user_permissions": []}}, {"model": "contenttypes.contenttype", "pk": 1, "fields": {"app_label": "admin", "model": "logentry"}}, {"model": "contenttypes.contenttype", "pk": 2, "fields": {"app_label": "auth", "model": "permission"}}, {"model": "contenttypes.contenttype", "pk": 3, "fields": {"app_label": "auth", "model": "group"}}, {"model": "contenttypes.contenttype", "pk": 4, "fields": {"app_label": "auth", "model": "user"}}, {"model": "contenttypes.contenttype", "pk": 5, "fields": {"app_label": "contenttypes", "model": "contenttype"}}, {"model": "contenttypes.contenttype", "pk": 6, "fields": {"app_label": "sessions", "model": "session"}}, {"model": "contenttypes.contenttype", "pk": 7, "fields": {"app_label": "authtoken", "model": "token"}}, {"model": "contenttypes.contenttype", "pk": 8, "fields": {"app_label": "authtoken", "model": "tokenproxy"}}, {"model": "contenttypes.contenttype", "pk": 9, "fields": {"app_label": "sites", "model": "site"}}, {"model": "contenttypes.contenttype", "pk": 10, "fields": {"app_label": "account", "model": "emailaddress"}}, {"model": "contenttypes.contenttype", "pk": 11, "fields": {"app_label": "account", "model": "emailconfirmation"}}, {"model": "contenttypes.contenttype", "pk": 12, "fields": {"app_label": "socialaccount", "model": "socialaccount"}}, {"model": "contenttypes.contenttype", "pk": 13, "fields": {"app_label": "socialaccount", "model": "socialapp"}}, {"model": "contenttypes.contenttype", "pk": 14, "fields": {"app_label": "socialaccount", "model": "socialtoken"}}, {"model": "contenttypes.contenttype", "pk": 15, "fields": {"app_label": "museb", "model": "album"}}, {"model": "contenttypes.contenttype", "pk": 16, "fields": {"app_label": "museb", "model": "genre"}}, {"model": "contenttypes.contenttype", "pk": 17, "fields": {"app_label": "museb", "model": "music"}}, {"model": "contenttypes.contenttype", "pk": 18, "fields": {"app_label": "museb", "model": "playlist"}}, {"model": "contenttypes.contenttype", "pk": 19, "fields": {"app_label": "museb", "model": "artiste"}}, {"model": "contenttypes.contenttype", "pk": 20, "fields": {"app_label": "musebpublic", "model": "betausers"}}, {"model": "contenttypes.contenttype", "pk": 21, "fields": {"app_label": "museb", "model": "coverartiste"}}, {"model": "contenttypes.contenttype", "pk": 22, "fields": {"app_label": "museb", "model": "followedartistes"}}, {"model": "contenttypes.contenttype", "pk": 23, "fields": {"app_label": "museb", "model": "likedmusic"}}, {"model": "contenttypes.contenttype", "pk": 24, "fields": {"app_label": "museb", "model": "listenlater"}}, {"model": "contenttypes.contenttype", "pk": 25, "fields": {"app_label": "museb", "model": "userimage"}}, {"model": "sessions.session", "pk": "9w0ju3wef68gvaua5rklhfjl5dp42d9c", "fields": {"session_data": ".eJxVjMsOwiAQRf-FtSHyBpfu_QYyDINUDSSlXRn_3TbpQrf3nHPfLMK61LgOmuOU2YUJdvrdEuCT2g7yA9q9c-xtmafEd4UfdPBbz_S6Hu7fQYVRt9oYNEVnL-2ZitNeYg5CY3ZBEDlLwSnSAqwyhbxJqkiPmDYDFJhQAvt8AeJgOCE:1nJeZd:GtpjeesHkueuGkh5pbP9IUq-A6WUiItM2Fp2hm3o2UM", "expire_date": "2022-02-28T16:51:37.682Z"}}, {"model": "sessions.session", "pk": "ebqdxxpjjp89l0pkueampbl55avzqiej", "fields": {"session_data": ".eJxVjMsOwiAQRf-FtSHyBpfu_QYyDINUDSSlXRn_3TbpQrf3nHPfLMK61LgOmuOU2YUJdvrdEuCT2g7yA9q9c-xtmafEd4UfdPBbz_S6Hu7fQYVRt9oYNEVnL-2ZitNeYg5CY3ZBEDlLwSnSAqwyhbxJqkiPmDYDFJhQAvt8AeJgOCE:1nRFbV:E5cEhmOM1LAflNYL4dnrZqae7ffldCvMz0aNdoXxYyg", "expire_date": "2022-03-21T15:48:57.615Z"}}, {"model": "sessions.session", "pk": "ion3p0we88eyk0p3rqwzg17ybgpg1sv3", "fields": {"session_data": ".eJxVjMsOwiAQRf-FtSHyBpfu_QYyDINUDSSlXRn_3TbpQrf3nHPfLMK61LgOmuOU2YUJdvrdEuCT2g7yA9q9c-xtmafEd4UfdPBbz_S6Hu7fQYVRt9oYNEVnL-2ZitNeYg5CY3ZBEDlLwSnSAqwyhbxJqkiPmDYDFJhQAvt8AeJgOCE:1nTXYl:oW9bYbPYWXqKPaT51Ww9GrT0IHjV-CyYH36TOoqmLsY", "expire_date": "2022-03-27T23:23:35.542Z"}}, {"model": "sessions.session", "pk": "uudt0luz0tgbgbk12e7gv1xdjaqwxokg", "fields": {"session_data": ".eJxVjMsOwiAQRf-FtSHyBpfu_QYyDINUDSSlXRn_3TbpQrf3nHPfLMK61LgOmuOU2YUJdvrdEuCT2g7yA9q9c-xtmafEd4UfdPBbz_S6Hu7fQYVRt9oYNEVnL-2ZitNeYg5CY3ZBEDlLwSnSAqwyhbxJqkiPmDYDFJhQAvt8AeJgOCE:1nDvcd:c643VFWC4yos5gXZ4mWA2k812c_9oKBiynFUOy8qTCY", "expire_date": "2022-02-12T21:51:03.229Z"}}, {"model": "authtoken.token", "pk": "17b064bf779bec08d46c7748323faedf101f287d", "fields": {"user": 8, "created": "2022-01-29T22:32:00.328Z"}}, {"model": "authtoken.token", "pk": "5bce50a4c23b26ffa757f82715bb2ac7fef8edd0", "fields": {"user": 3, "created": "2022-01-29T22:18:37.076Z"}}, {"model": "authtoken.token", "pk": "98777f09895eae9d4233879e4999754ff58316d8", "fields": {"user": 2, "created": "2022-01-26T07:46:13.764Z"}}, {"model": "authtoken.token", "pk": "c048564fc19131ed57f85c5dfbdcabdff1029ec7", "fields": {"user": 7, "created": "2022-01-29T22:30:32.657Z"}}, {"model": "authtoken.token", "pk": "cea37ea0d86ccaa57b0e53e9565317e2e9a58b15", "fields": {"user": 1, "created": "2022-03-07T16:21:23.431Z"}}, {"model": "authtoken.token", "pk": "e22379c735674a14c4cf8956d7184c2419744406", "fields": {"user": 9, "created": "2022-01-29T22:32:47.657Z"}}, {"model": "museb.artiste", "pk": 1, "fields": {"name": "Sarkodie", "image": "sark.jpg", "popular": true}}, {"model": "museb.artiste", "pk": 2, "fields": {"name": "Adele", "image": "adele.jpg", "popular": true}}, {"model": "museb.artiste", "pk": 3, "fields": {"name": "Doja Cat", "image": "doja.jpg", "popular": true}}, {"model": "museb.artiste", "pk": 4, "fields": {"name": "Kwesi Arthur", "image": "arthur.jpg", "popular": true}}, {"model": "museb.artiste", "pk": 5, "fields": {"name": "Kanye West", "image": "kanye.jpeg", "popular": true}}, {"model": "museb.artiste", "pk": 6, "fields": {"name": "Stonebwoy", "image": "stonebwoy-2_1.jpg", "popular": true}}, {"model": "museb.artiste", "pk": 7, "fields": {"name": "Ariana Grande", "image": "aarig.jpg", "popular": true}}, {"model": "museb.artiste", "pk": 8, "fields": {"name": "Billie Eilish", "image": "billiee.jpg", "popular": false}}, {"model": "museb.artiste", "pk": 9, "fields": {"name": "Ed Sheeran", "image": "ed.jpg", "popular": false}}, {"model": "museb.artiste", "pk": 10, "fields": {"name": "Anne Marie", "image": "annejpg.jpg", "popular": true}}, {"model": "museb.artiste", "pk": 11, "fields": {"name": "Lewis Capaldi", "image": "Lewis-Capaldi.jpg", "popular": true}}, {"model": "museb.artiste", "pk": 12, "fields": {"name": "Joeboy", "image": "Joeboy-1858x1858.jpg", "popular": false}}, {"model": "museb.artiste", "pk": 13, "fields": {"name": "Luis Fonsi", "image": "gettyimages-888179100_luis-fonsi.jpg", "popular": false}}, {"model": "museb.artiste", "pk": 14, "fields": {"name": "Blackpink", "image": "UN-BLACKPINKPhotograph.jpg", "popular": true}}, {"model": "museb.artiste", "pk": 15, "fields": {"name": "BTS", "image": "bts.jpg", "popular": true}}, {"model": "museb.artiste", "pk": 16, "fields": {"name": "The Weekend", "image": "blinding-lights.jpg", "popular": false}}, {"model": "museb.artiste", "pk": 17, "fields": {"name": "Auckland Symphony", "image": "auckland-symhony.jfif", "popular": false}}, {"model": "museb.artiste", "pk": 18, "fields": {"name": "Gyakie", "image": "gyakie.jpg", "popular": true}}, {"model": "museb.album", "pk": 1, "fields": {"image": "no_pressure.jpg", "title": "No Pressure", "artiste": 1, "trending": false}}, {"model": "museb.album", "pk": 2, "fields": {"image": "ariana_M9zjUeW.jpg", "title": "SWEETENER", "artiste": 7, "trending": true}}, {"model": "museb.album", "pk": 3, "fields": {"image": "billie.jpg", "title": "Happier Than Ever", "artiste": 8, "trending": false}}, {"model": "museb.album", "pk": 4, "fields": {"image": "equals.jpg", "title": "Equals", "artiste": 9, "trending": false}}, {"model": "museb.album", "pk": 5, "fields": {"image": "adele1.jpg", "title": "30", "artiste": 2, "trending": false}}, {"model": "museb.album", "pk": 6, "fields": {"image": "BLACKPINK-_The_Album.png", "title": "The Album", "artiste": 14, "trending": true}}, {"model": "museb.album", "pk": 7, "fields": {"image": "seed.jpg", "title": "SEED EP", "artiste": 18, "trending": true}}, {"model": "museb.album", "pk": 8, "fields": {"image": "blacklove.jpg", "title": "BlackLove", "artiste": 1, "trending": false}}, {"model": "museb.genre", "pk": 1, "fields": {"title": "Afro"}}, {"model": "museb.genre", "pk": 2, "fields": {"title": "Rhythm"}}, {"model": "museb.genre", "pk": 3, "fields": {"title": "Pop"}}, {"model": "museb.genre", "pk": 4, "fields": {"title": "Hits"}}, {"model": "museb.genre", "pk": 5, "fields": {"title": "Kpop"}}, {"model": "museb.genre", "pk": 6, "fields": {"title": "Orchestra"}}, {"model": "museb.music", "pk": 1, "fields": {"image": "annejpg_B2U7mxC.jpg", "title": "Push Myself", "genre": 3, "album": null, "trending": false, "new": false, "main_artiste": 10, "collaborators": null, "music_file": "Push_Myself__Mobncew.mp3", "streams": 3}}, {"model": "museb.music", "pk": 2, "fields": {"image": "adele_dpaleCu.jpg", "title": "Someone Like You", "genre": 2, "album": null, "trending": true, "new": false, "main_artiste": 2, "collaborators": null, "music_file": "Adele_-_Someone_Like_You_Qoret.com.mp3", "streams": 3}}, {"model": "museb.music", "pk": 3, "fields": {"image": "arthur_IuErg3R.jpg", "title": "Baajo", "genre": 1, "album": null, "trending": false, "new": true, "main_artiste": 4, "collaborators": null, "music_file": "Kwesi-Arthur--Baajo-ft.-Joeboy-Prod.-by-Yung-D3mz.mp3", "streams": 2}}, {"model": "museb.music", "pk": 4, "fields": {"image": "doja_sptnKrF.jpg", "title": "Doja Cat", "genre": 3, "album": null, "trending": true, "new": true, "main_artiste": 3, "collaborators": null, "music_file": "Doja_Cat_-_Need_To_Know.mp3", "streams": 0}}, {"model": "museb.music", "pk": 5, "fields": {"image": "activate.jpg", "title": "Activate", "genre": 1, "album": null, "trending": true, "new": true, "main_artiste": 6, "collaborators": "Davido", "music_file": "Stonebwoy-Activate-Ft-Davido-TrendyBeatz.com.mp3", "streams": 0}}, {"model": "museb.music", "pk": 6, "fields": {"image": "ariana.jpg", "title": "Raindrops (an angel cried)", "genre": 2, "album": 2, "trending": true, "new": true, "main_artiste": 7, "collaborators": null, "music_file": "01_raindrops_an_angel_cried.mp3", "streams": 0}}, {"model": "museb.music", "pk": 7, "fields": {"image": "ariana_kRGupIa.jpg", "title": "Blazed", "genre": 2, "album": 2, "trending": false, "new": false, "main_artiste": 7, "collaborators": "Pharrell Williams", "music_file": "02_blazed_feat._Pharrell_Williams.mp3", "streams": 0}}, {"model": "museb.music", "pk": 8, "fields": {"image": "ariana_jMwgX7Z.jpg", "title": "The Light is Coming", "genre": 2, "album": 2, "trending": false, "new": true, "main_artiste": 7, "collaborators": "Nicki", "music_file": "03_the_light_is_coming_feat._Nicki.mp3", "streams": 0}}, {"model": "museb.music", "pk": 9, "fields": {"image": "ariana_6EdebMI.jpg", "title": "R.E.M", "genre": 3, "album": 2, "trending": false, "new": false, "main_artiste": 7, "collaborators": null, "music_file": "04_R.E.M.mp3", "streams": 0}}, {"model": "museb.music", "pk": 10, "fields": {"image": "ariana_q5jqNi8.jpg", "title": "God is a Woman", "genre": 3, "album": 2, "trending": false, "new": false, "main_artiste": 7, "collaborators": null, "music_file": "05_God_is_a_woman.mp3", "streams": 2}}, {"model": "museb.music", "pk": 11, "fields": {"image": "adele1_GkGLYQ3.jpg", "title": "Strangers By Nature", "genre": 2, "album": 5, "trending": false, "new": true, "main_artiste": 2, "collaborators": null, "music_file": "01_-_Strangers_By_Nature.mp3", "streams": 0}}, {"model": "museb.music", "pk": 12, "fields": {"image": "adele1_IjuZkAX.jpg", "title": "Easy on Me", "genre": 2, "album": 5, "trending": false, "new": true, "main_artiste": 2, "collaborators": null, "music_file": "02_-_Easy_On_Me.mp3", "streams": 0}}, {"model": "museb.music", "pk": 13, "fields": {"image": "adele1_v5NCayt.jpg", "title": "My Little Love", "genre": 2, "album": 5, "trending": false, "new": true, "main_artiste": 2, "collaborators": null, "music_file": "03_-_My_Little_Love.mp3", "streams": 0}}, {"model": "museb.music", "pk": 14, "fields": {"image": "adele1_j3KiMTi.jpg", "title": "Cry Your Heart Out", "genre": 2, "album": 5, "trending": false, "new": true, "main_artiste": 2, "collaborators": null, "music_file": "04_-_Cry_Your_Heart_Out.mp3", "streams": 0}}, {"model": "museb.music", "pk": 15, "fields": {"image": "adele1_jdtr0on.jpg", "title": "Oh My God", "genre": 2, "album": 5, "trending": false, "new": true, "main_artiste": 2, "collaborators": null, "music_file": "05_-_Oh_My_God.mp3", "streams": 0}}, {"model": "museb.music", "pk": 16, "fields": {"image": "billie_KRwCFE8.jpg", "title": "Billie Bosa Nova", "genre": 3, "album": 3, "trending": false, "new": true, "main_artiste": 8, "collaborators": null, "music_file": "Billie_Eilish_-_Billie_Bossa_Nova.mp3", "streams": 0}}, {"model": "museb.music", "pk": 17, "fields": {"image": "billie_gZYjFo0.jpg", "title": "Everybody Dies", "genre": 3, "album": 3, "trending": false, "new": true, "main_artiste": 8, "collaborators": null, "music_file": "Billie_Eilish_-_Everybody_Dies.mp3", "streams": 0}}, {"model": "museb.music", "pk": 18, "fields": {"image": "billie_htLOjeW.jpg", "title": "Getting Older", "genre": 3, "album": 3, "trending": false, "new": true, "main_artiste": 8, "collaborators": null, "music_file": "Billie_Eilish_-_Getting_Older.mp3", "streams": 0}}, {"model": "museb.music", "pk": 19, "fields": {"image": "billie_kZA8cFY.jpg", "title": "GOLDWING", "genre": 3, "album": 3, "trending": false, "new": true, "main_artiste": 8, "collaborators": null, "music_file": "Billie_Eilish_-_GOLDWING.mp3", "streams": 0}}, {"model": "museb.music", "pk": 20, "fields": {"image": "billie_QqKTssl.jpg", "title": "Halley's Comet", "genre": 3, "album": 3, "trending": false, "new": true, "main_artiste": 8, "collaborators": null, "music_file": "Billie_Eilish_-_Halleys_Comet.mp3", "streams": 0}}, {"model": "museb.music", "pk": 21, "fields": {"image": "equals_y4Gq1Xt.jpg", "title": "Tides", "genre": 3, "album": 4, "trending": false, "new": true, "main_artiste": 9, "collaborators": null, "music_file": "01_-_Tides.mp3", "streams": 0}}, {"model": "museb.music", "pk": 22, "fields": {"image": "equals_b3AO7YE.jpg", "title": "Shivers", "genre": 3, "album": 4, "trending": false, "new": true, "main_artiste": 9, "collaborators": null, "music_file": "02_-_Shivers.mp3", "streams": 0}}, {"model": "museb.music", "pk": 23, "fields": {"image": "equals_S6lHbHH.jpg", "title": "First Times", "genre": 2, "album": 4, "trending": true, "new": true, "main_artiste": 9, "collaborators": null, "music_file": "03_-_First_Times.mp3", "streams": 0}}, {"model": "museb.music", "pk": 24, "fields": {"image": "equals_WLsZRDK.jpg", "title": "Bad Habits", "genre": 3, "album": 4, "trending": false, "new": true, "main_artiste": 9, "collaborators": null, "music_file": "04_-_Bad_Habits.mp3", "streams": 0}}, {"model": "museb.music", "pk": 25, "fields": {"image": "equals_irEIkpd.jpg", "title": "Overpass Grafffiti", "genre": 3, "album": 4, "trending": false, "new": true, "main_artiste": 9, "collaborators": null, "music_file": "05_-_Overpass_Graffiti.mp3", "streams": 0}}, {"model": "museb.music", "pk": 26, "fields": {"image": "Lewis-Capaldi-Before-You-Go.jpg", "title": "Before you go", "genre": 4, "album": null, "trending": false, "new": true, "main_artiste": 11, "collaborators": null, "music_file": "Lewis_Capaldi_-_Before_You_Go_CeeNaija.com_.mp3", "streams": 0}}, {"model": "museb.music", "pk": 27, "fields": {"image": "Alcohol.png", "title": "Alcohol", "genre": 4, "album": null, "trending": false, "new": true, "main_artiste": 12, "collaborators": null, "music_file": "Joeboy-Alcohol-TrendyBeatz.com.mp3", "streams": 0}}, {"model": "museb.music", "pk": 28, "fields": {"image": "Despacito.jpg", "title": "Despacito", "genre": 4, "album": null, "trending": false, "new": false, "main_artiste": 13, "collaborators": "Daddy Yankee", "music_file": "Luis_Fonsi_Ft_Daddy_Yankee_-_Despacito-HIPHOPMORE.COM.mp3", "streams": 0}}, {"model": "museb.music", "pk": 29, "fields": {"image": "ice-cream.jpg", "title": "Ice Cream", "genre": 5, "album": null, "trending": false, "new": true, "main_artiste": 14, "collaborators": null, "music_file": "BLACKPINK_-_Ice_Cream.mp3", "streams": 0}}, {"model": "museb.music", "pk": 30, "fields": {"image": "BTS_-_Dynamite_official_cover.png", "title": "Dynamite", "genre": 5, "album": null, "trending": false, "new": true, "main_artiste": 15, "collaborators": null, "music_file": "BTS_-_Dynamite.mp3", "streams": 0}}, {"model": "museb.music", "pk": 31, "fields": {"image": "BLACKPINK-_The_Album_siCd3Xz.png", "title": "Love you to hate me", "genre": 5, "album": 6, "trending": false, "new": true, "main_artiste": 14, "collaborators": null, "music_file": "07_BLACKPINK_-_Love_To_Hate_Me.mp3", "streams": 0}}, {"model": "museb.music", "pk": 32, "fields": {"image": "blinding-lights_h0hOvP6.jpg", "title": "Blinding Lights", "genre": 2, "album": null, "trending": false, "new": true, "main_artiste": 16, "collaborators": null, "music_file": "After_Hours_CD_1_TRACK_9_128.mp3", "streams": 0}}, {"model": "museb.music", "pk": 33, "fields": {"image": "auckland-symhony_O8LcltC.jfif", "title": "Pirates of the Carribean", "genre": 6, "album": null, "trending": false, "new": false, "main_artiste": 17, "collaborators": null, "music_file": "MP3DOWNLOAD.TO_Pirates_of_the_Caribbean_Auckland_Symphony_Orchestra_1080p-256k.mp3", "streams": 0}}, {"model": "museb.music", "pk": 34, "fields": {"image": "no_pressure_7f5aapa.jpg", "title": "Anything", "genre": 1, "album": 1, "trending": false, "new": false, "main_artiste": 1, "collaborators": null, "music_file": "Sarkodie-Anything-DownGh.com__jKQXhyT.mp3", "streams": 0}}, {"model": "museb.music", "pk": 35, "fields": {"image": "nananyame.jpg", "title": "Nana Nyame", "genre": 1, "album": 7, "trending": true, "new": false, "main_artiste": 18, "collaborators": null, "music_file": "1._Gyakie_-_Nana_Nyame_128.mp3", "streams": 0}}, {"model": "museb.music", "pk": 36, "fields": {"image": "seed_4no9veS.jpg", "title": "Vacaion", "genre": 1, "album": 7, "trending": false, "new": false, "main_artiste": 18, "collaborators": null, "music_file": "4._Gyakie_-_Vacation_128.mp3", "streams": 0}}, {"model": "museb.music", "pk": 37, "fields": {"image": "seed_rnrI5XY.jpg", "title": "Whine", "genre": 1, "album": 7, "trending": false, "new": false, "main_artiste": 18, "collaborators": null, "music_file": "3._Gyakie_-_Whine_128.mp3", "streams": 0}}, {"model": "museb.music", "pk": 38, "fields": {"image": "forever.jpg", "title": "Forever", "genre": 4, "album": null, "trending": true, "new": false, "main_artiste": 18, "collaborators": "Omah Lay", "music_file": "Gyakie_-_Forever.mp3", "streams": 0}}, {"model": "museb.music", "pk": 39, "fields": {"image": "no_pressure_NRDJE1R.jpg", "title": "Coachella", "genre": 1, "album": 1, "trending": true, "new": true, "main_artiste": 1, "collaborators": "Kwesi Arthur", "music_file": "Sarkodie_-_Coachella_feat._Kwesi_Arthur.mp3", "streams": 0}}, {"model": "museb.music", "pk": 40, "fields": {"image": "blacklove_IMdNhll.jpg", "title": "Can't Let You Go", "genre": 4, "album": 8, "trending": true, "new": false, "main_artiste": 1, "collaborators": "King Promise", "music_file": "Can_t_Let_You_Go_-_Sarkodie.mp3", "streams": 0}}, {"model": "museb.music", "pk": 41, "fields": {"image": "blacklove_UKxrnst.jpg", "title": "Saara", "genre": 1, "album": 8, "trending": false, "new": false, "main_artiste": 1, "collaborators": "Efya", "music_file": "Saara_feat._Efya_-_Sarkodie.mp3", "streams": 0}}, {"model": "museb.music", "pk": 42, "fields": {"image": "blacklove_kAJQ4Ph.jpg", "title": "Womba", "genre": 2, "album": 8, "trending": false, "new": false, "main_artiste": 1, "collaborators": "Shakka & Herman Suede", "music_file": "Womba_feat._Shakka___Herman_uede_-_Sarkodie.mp3", "streams": 0}}, {"model": "museb.coverartiste", "pk": 1, "fields": {"image": "annejpg_gdJSes7.jpg", "title": "Push Myself", "genre": 3, "album": null, "trending": false, "main_artiste": 10, "collaborators": null, "music_file": "Push_Myself_.mp3", "streams": 0}}, {"model": "museb.playlist", "pk": 1, "fields": {"image": "sark_WZz5g2M.jpg", "title": "This Is Sarkodie", "songs": [34, 39, 40, 41, 42]}}, {"model": "museb.playlist", "pk": 2, "fields": {"image": "party.jpg", "title": "Party", "songs": [3, 5, 28, 30]}}, {"model": "museb.playlist", "pk": 3, "fields": {"image": "gyakie_Mpj0g1c.jpg", "title": "Happy Mix", "songs": [3, 5, 28, 29, 30]}}, {"model": "museb.playlist", "pk": 4, "fields": {"image": "annejpg_SoqMW7A.jpg", "title": "2000s Mix", "songs": [1, 2, 3, 4, 5, 27, 28, 29, 31, 32, 33, 35, 36, 37, 38, 39, 40, 41, 42]}}, {"model": "museb.followedartistes", "pk": 13, "fields": {"user_token": null, "artistes": 1}}, {"model": "museb.followedartistes", "pk": 14, "fields": {"user_token": null, "artistes": 4}}, {"model": "museb.followedartistes", "pk": 15, "fields": {"user_token": null, "artistes": 7}}, {"model": "museb.likedmusic", "pk": 25, "fields": {"user_token": null, "music": 2}}, {"model": "museb.userimage", "pk": 1, "fields": {"token": "c048564fc19131ed57f85c5dfbdcabdff1029ec7", "image": "memoji.png"}}, {"model": "museb.userimage", "pk": 2, "fields": {"token": "e22379c735674a14c4cf8956d7184c2419744406", "image": "memoji.png"}}, {"model": "museb.userimage", "pk": 3, "fields": {"token": "17b064bf779bec08d46c7748323faedf101f287d", "image": "memoji.png"}}, {"model": "museb.userimage", "pk": 4, "fields": {"token": "98777f09895eae9d4233879e4999754ff58316d8", "image": "memoji.png"}}, {"model": "museb.userimage", "pk": 5, "fields": {"token": "5bce50a4c23b26ffa757f82715bb2ac7fef8edd0", "image": "memoji.png"}}, {"model": "museb.userimage", "pk": 6, "fields": {"token": "cea37ea0d86ccaa57b0e53e9565317e2e9a58b15", "image": "memoji.png"}}, {"model": "sites.site", "pk": 1, "fields": {"domain": "example.com", "name": "example.com"}}]